{
	 "rootnode": {
		 "name": "RootNode"
		,"transformation": [
			 1
			,0
			,0
			,0
			,0
			,1
			,0
			,0
			,0
			,0
			,1
			,0
			,0
			,0
			,0
			,1
		]
		,"children": [
			{
				 "name": "Cube.002"
				,"transformation": [
					 17.4695
					,0
					,0
					,0
					,0
					,-2.84614e-006
					,17.4695
					,0
					,0
					,-17.4695
					,-2.84614e-006
					,0
					,0
					,0
					,0
					,1
				]
				,"meshes": [
					 0
					,1
					,2
				]
			}
		]
	}
	,"flags": 8
	,"meshes": [
		{
			 "name": "Cube.003"
			,"materialindex": 0
			,"primitivetypes": 4
			,"vertices": [
				 2.63334
				,-1.81061
				,2.80332
				,2.63334
				,-1.81061
				,4.80332
				,2.63334
				,0.189387
				,4.80332
				,2.63334
				,0.189387
				,2.80332
				,2.63334
				,0.189387
				,2.80332
				,2.63334
				,0.189387
				,4.80332
				,4.63334
				,0.189387
				,4.80332
				,4.63334
				,0.189387
				,2.80332
				,4.63334
				,0.189387
				,2.80332
				,4.63334
				,0.189387
				,4.80332
				,4.63334
				,-1.81061
				,4.80332
				,4.63334
				,-1.81061
				,2.80332
				,4.63334
				,-1.81061
				,2.80332
				,4.63334
				,-1.81061
				,4.80332
				,2.63334
				,-1.81061
				,4.80332
				,2.63334
				,-1.81061
				,2.80332
				,2.63334
				,0.189387
				,2.80332
				,4.63334
				,0.189387
				,2.80332
				,4.63334
				,-1.81061
				,2.80332
				,2.63334
				,-1.81061
				,2.80332
				,4.63334
				,0.189387
				,4.80332
				,2.63334
				,0.189387
				,4.80332
				,2.63334
				,-1.81061
				,4.80332
				,4.63334
				,-1.81061
				,4.80332
			]
			,"normals": [
				 -1
				,0
				,0
				,-1
				,0
				,0
				,-1
				,0
				,0
				,-1
				,0
				,0
				,0
				,1
				,0
				,0
				,1
				,0
				,0
				,1
				,0
				,0
				,1
				,0
				,1
				,0
				,0
				,1
				,0
				,0
				,1
				,0
				,0
				,1
				,0
				,0
				,0
				,-1
				,0
				,0
				,-1
				,0
				,0
				,-1
				,0
				,0
				,-1
				,0
				,0
				,0
				,-1
				,0
				,0
				,-1
				,0
				,0
				,-1
				,0
				,0
				,-1
				,0
				,0
				,1
				,0
				,0
				,1
				,0
				,0
				,1
				,0
				,0
				,1
			]
			,"tangents": [
				 0
				,0
				,1
				,0
				,0
				,1
				,0
				,0
				,1
				,0
				,0
				,1
				,0
				,0
				,1
				,0
				,0
				,1
				,0
				,0
				,1
				,0
				,0
				,1
				,0
				,0
				,1
				,0
				,0
				,1
				,0
				,0
				,1
				,0
				,0
				,1
				,0
				,0
				,1
				,0
				,0
				,1
				,0
				,0
				,1
				,0
				,0
				,1
				,1
				,0
				,0
				,1
				,0
				,0
				,1
				,0
				,0
				,1
				,0
				,0
				,-1
				,0
				,0
				,-1
				,0
				,0
				,-1
				,0
				,0
				,-1
				,0
				,0
			]
			,"bitangents": [
				 0
				,-1
				,0
				,0
				,-1
				,0
				,0
				,-1
				,0
				,0
				,-1
				,0
				,-1
				,0
				,0
				,-1
				,0
				,0
				,-1
				,0
				,0
				,-1
				,0
				,0
				,0
				,1
				,0
				,0
				,1
				,0
				,0
				,1
				,0
				,0
				,1
				,0
				,1
				,0
				,0
				,1
				,0
				,0
				,1
				,0
				,0
				,1
				,0
				,0
				,0
				,1
				,0
				,0
				,1
				,0
				,0
				,1
				,0
				,0
				,1
				,0
				,0
				,1
				,0
				,0
				,1
				,0
				,0
				,1
				,0
				,0
				,1
				,0
			]
			,"numuvcomponents": [
				 2
			]
			,"texturecoords": [
				[
					 0.375
					,0
					,0.625
					,0
					,0.625
					,0.25
					,0.375
					,0.25
					,0.375
					,0.25
					,0.625
					,0.25
					,0.625
					,0.5
					,0.375
					,0.5
					,0.375
					,0.5
					,0.625
					,0.5
					,0.625
					,0.75
					,0.375
					,0.75
					,0.375
					,0.75
					,0.625
					,0.75
					,0.625
					,1
					,0.375
					,1
					,0.125
					,0.5
					,0.375
					,0.5
					,0.375
					,0.75
					,0.125
					,0.75
					,0.625
					,0.5
					,0.875
					,0.5
					,0.875
					,0.75
					,0.625
					,0.75
				]
			]
			,"faces": [
				[
					 0
					,1
					,2
				]
				,[
					 0
					,2
					,3
				]
				,[
					 4
					,5
					,6
				]
				,[
					 4
					,6
					,7
				]
				,[
					 8
					,9
					,10
				]
				,[
					 8
					,10
					,11
				]
				,[
					 12
					,13
					,14
				]
				,[
					 12
					,14
					,15
				]
				,[
					 16
					,17
					,18
				]
				,[
					 16
					,18
					,19
				]
				,[
					 20
					,21
					,22
				]
				,[
					 20
					,22
					,23
				]
			]
		}
		,{
			 "name": "Cube.003"
			,"materialindex": 1
			,"primitivetypes": 4
			,"vertices": [
				 -4.328
				,-3.69494
				,-4.26132
				,-4.328
				,-3.69494
				,1.91937
				,-4.328
				,2.48575
				,1.91937
				,-4.328
				,2.48575
				,-4.26132
				,-4.328
				,2.48575
				,-4.26132
				,-4.328
				,2.48575
				,1.91937
				,1.85269
				,2.48575
				,1.91937
				,1.85269
				,2.48575
				,-4.26132
				,1.85269
				,2.48575
				,-4.26132
				,1.85269
				,2.48575
				,1.91937
				,1.85269
				,-3.69494
				,1.91937
				,1.85269
				,-3.69494
				,-4.26132
				,1.85269
				,-3.69494
				,-4.26132
				,1.85269
				,-3.69494
				,1.91937
				,-4.328
				,-3.69494
				,1.91937
				,-4.328
				,-3.69494
				,-4.26132
				,-4.328
				,2.48575
				,-4.26132
				,1.85269
				,2.48575
				,-4.26132
				,1.85269
				,-3.69494
				,-4.26132
				,-4.328
				,-3.69494
				,-4.26132
				,1.85269
				,2.48575
				,1.91937
				,-4.328
				,2.48575
				,1.91937
				,-4.328
				,-3.69494
				,1.91937
				,1.85269
				,-3.69494
				,1.91937
			]
			,"normals": [
				 -1
				,0
				,0
				,-1
				,0
				,0
				,-1
				,0
				,0
				,-1
				,0
				,0
				,0
				,1
				,0
				,0
				,1
				,0
				,0
				,1
				,0
				,0
				,1
				,0
				,1
				,0
				,0
				,1
				,0
				,0
				,1
				,0
				,0
				,1
				,0
				,0
				,0
				,-1
				,0
				,0
				,-1
				,0
				,0
				,-1
				,0
				,0
				,-1
				,0
				,0
				,0
				,-1
				,0
				,0
				,-1
				,0
				,0
				,-1
				,0
				,0
				,-1
				,0
				,0
				,1
				,0
				,0
				,1
				,0
				,0
				,1
				,0
				,0
				,1
			]
			,"tangents": [
				 0
				,0
				,1
				,0
				,0
				,1
				,0
				,0
				,1
				,0
				,0
				,1
				,0
				,0
				,1
				,0
				,0
				,1
				,0
				,0
				,1
				,0
				,0
				,1
				,0
				,0
				,1
				,0
				,0
				,1
				,0
				,0
				,1
				,0
				,0
				,1
				,0
				,0
				,1
				,0
				,0
				,1
				,0
				,0
				,1
				,0
				,0
				,1
				,1
				,0
				,0
				,1
				,0
				,0
				,1
				,0
				,0
				,1
				,0
				,0
				,-1
				,0
				,0
				,-1
				,0
				,0
				,-1
				,0
				,0
				,-1
				,0
				,0
			]
			,"bitangents": [
				 0
				,-1
				,0
				,0
				,-1
				,0
				,0
				,-1
				,0
				,0
				,-1
				,0
				,-1
				,0
				,0
				,-1
				,0
				,0
				,-1
				,0
				,0
				,-1
				,0
				,0
				,0
				,1
				,0
				,0
				,1
				,0
				,0
				,1
				,0
				,0
				,1
				,0
				,1
				,0
				,0
				,1
				,0
				,0
				,1
				,0
				,0
				,1
				,0
				,0
				,0
				,1
				,0
				,0
				,1
				,0
				,0
				,1
				,0
				,0
				,1
				,0
				,0
				,1
				,0
				,0
				,1
				,0
				,0
				,1
				,0
				,0
				,1
				,0
			]
			,"numuvcomponents": [
				 2
			]
			,"texturecoords": [
				[
					 0.375
					,0
					,0.625
					,0
					,0.625
					,0.25
					,0.375
					,0.25
					,0.375
					,0.25
					,0.625
					,0.25
					,0.625
					,0.5
					,0.375
					,0.5
					,0.375
					,0.5
					,0.625
					,0.5
					,0.625
					,0.75
					,0.375
					,0.75
					,0.375
					,0.75
					,0.625
					,0.75
					,0.625
					,1
					,0.375
					,1
					,0.125
					,0.5
					,0.375
					,0.5
					,0.375
					,0.75
					,0.125
					,0.75
					,0.625
					,0.5
					,0.875
					,0.5
					,0.875
					,0.75
					,0.625
					,0.75
				]
			]
			,