{
	 "rootnode": {
		 "name": "RootNode"
		,"transformation": [
			 1
			,0
			,0
			,0
			,0
			,1
			,0
			,0
			,0
			,0
			,1
			,0
			,0
			,0
			,0
			,1
		]
		,"children": [
			{
				 "name": "Icosphere"
				,"transformation": [
					 100
					,0
					,0
					,0
					,0
					,-1.62921e-005
					,100
					,0
					,0
					,-100
					,-1.62921e-005
					,0
					,0
					,0
					,0
					,1
				]
				,"meshes": [
					 0
				]
			}
		]
	}
	,"flags": 8
	,"meshes": [
		{
			 "name": "Icosphere"
			,"materialindex": 0
			,"primitivetypes": 4
			,"vertices": [
				 0
				,0
				,-1
				,0.425323
				,-0.309011
				,-0.850654
				,-0.162456
				,-0.499995
				,-0.850654
				,0.723607
				,-0.525725
				,-0.44722
				,0.425323
				,-0.309011
				,-0.850654
				,0.850648
				,0
				,-0.525736
				,0
				,0
				,-1
				,-0.162456
				,-0.499995
				,-0.850654
				,-0.52573
				,0
				,-0.850652
				,0
				,0
				,-1
				,-0.52573
				,0
				,-0.850652
				,-0.162456
				,0.499995
				,-0.850654
				,0
				,0
				,-1
				,-0.162456
				,0.499995
				,-0.850654
				,0.425323
				,0.309011
				,-0.850654
				,0.951058
				,-0.309013
				,0
				,-0.276388
				,-0.850649
				,-0.44722
				,0.262869
				,-0.809012
				,-0.525738
				,0
				,-1
				,0
				,-0.894426
				,0
				,-0.447216
				,-0.688189
				,-0.499997
				,-0.525736
				,-0.951058
				,-0.309013
				,0
				,-0.276388
				,0.850649
				,-0.44722
				,-0.688189
				,0.499997
				,-0.525736
				,-0.587786
				,0.809017
				,0
				,0.723607
				,0.525725
				,-0.44722
				,0.262869
				,0.809012
				,-0.525738
				,0.587786
				,0.809017
				,0
				,0.587786
				,-0.809017
				,0
				,-0.587786
				,-0.809017
				,0
				,-0.951058
				,0.309013
				,0
				,0
				,1
				,0
				,0.951058
				,0.309013
				,0
				,0.276388
				,-0.850649
				,0.44722
				,0.688189
				,-0.499997
				,0.525736
				,0.162456
				,-0.499995
				,0.850654
				,-0.723607
				,-0.525725
				,0.44722
				,-0.262869
				,-0.809012
				,0.525738
				,-0.425323
				,-0.309011
				,0.850654
				,-0.723607
				,0.525725
				,0.44722
				,-0.850648
				,0
				,0.525736
				,-0.425323
				,0.309011
				,0.850654
				,0.276388
				,0.850649
				,0.44722
				,-0.262869
				,0.809012
				,0.525738
				,0.162456
				,0.499995
				,0.850654
				,0.894426
				,0
				,0.447216
				,0.688189
				,0.499997
				,0.525736
				,0.52573
				,0
				,0.850652
				,0.162456
				,0.499995
				,0.850654
				,0
				,0
				,1
				,0.276388
				,0.850649
				,0.44722
				,-0.425323
				,0.309011
				,0.850654
				,0
				,0
				,1
				,-0.723607
				,0.525725
				,0.44722
				,-0.425323
				,-0.309011
				,0.850654
				,0
				,0
				,1
				,-0.723607
				,-0.525725
				,0.44722
				,0.162456
				,-0.499995
				,0.850654
				,0
				,0
				,1
				,0.276388
				,-0.850649
				,0.44722
				,0.52573
				,0
				,0.850652
				,0
				,0
				,1
				,0.894426
				,0
				,0.447216
				,-0.723607
				,-0.525725
				,0.44722
				,-0.587786
				,-0.809017
				,0
				,-0.276388
				,-0.850649
				,-0.44722
				,0.425323
				,0.309011
				,-0.850654
				,0
				,0
				,-1
				,0.723607
				,-0.525725
				,-0.44722
			]
			,"normals": [
				 -1.42973e-006
				,0
				,-1
				,0.425323
				,-0.309013
				,-0.850653
				,-0.162457
				,-0.499996
				,-0.850653
				,0.723608
				,-0.525727
				,-0.447217
				,0.425323
				,-0.309013
				,-0.850653
				,0.850649
				,1.06117e-008
				,-0.525734
				,-1.42973e-006
				,0
				,-1
				,-0.162457
				,-0.499996
				,-0.850653
				,-0.52573
				,-5.30586e-009
				,-0.850652
				,-1.42973e-006
				,0
				,-1
				,-0.52573
				,-5.30586e-009
				,-0.850652
				,-0.162457
				,0.499996
				,-0.850653
				,-1.42973e-006
				,0
				,-1
				,-0.162457
				,0.499996
				,-0.850653
				,0.425323
				,0.309013
				,-0.850653
				,0.951057
				,-0.309015
				,-2.01623e-007
				,-0.276389
				,-0.85065
				,-0.447218
				,0.262869
				,-0.809013
				,-0.525735
				,0
				,-1
				,-1.06117e-008
				,-0.894426
				,0
				,-0.447215
				,-0.688189
				,-0.499999
				,-0.525734
				,-0.951057
				,-0.309015
				,2.30805e-007
				,-0.276389
				,0.85065
				,-0.447218
				,-0.688189
				,0.499999
				,-0.525734
				,-0.587786
				,0.809016
				,-2.49376e-007
				,0.723608
				,0.525727
				,-0.447217
				,0.262869
				,0.809013
				,-0.525735
				,0.587786
				,0.809016
				,1.83053e-007
				,0.587786
				,-0.809016
				,2.01623e-007
				,-0.587786
				,-0.809016
				,-2.28153e-007
				,-0.951057
				,0.309015
				,2.28152e-007
				,9.94851e-010
				,1
				,-2.65294e-008
				,0.951057
				,0.309015
				,-2.12235e-007
				,0.276389
				,-0.85065
				,0.447218
				,0.688189
				,-0.499999
				,0.525734
				,0.162457
				,-0.499996
				,0.850653
				,-0.723608
				,-0.525727
				,0.447217
				,-0.262869
				,-0.809013
				,0.525735
				,-0.425323
				,-0.309013
				,0.850653
				,-0.723608
				,0.525727
				,0.447217
				,-0.850649
				,-1.59176e-008
				,0.525734
				,-0.425323
				,0.309013
				,0.850653
				,0.276389
				,0.85065
				,0.447218
				,-0.262869
				,0.809013
				,0.525735
				,0.162457
				,0.499996
				,0.850653
				,0.894426
				,0
				,0.447215
				,0.688189
				,0.499999
				,0.525734
				,0.52573
				,2.65293e-009
				,0.850652
				,0.162457
				,0.499996
				,0.850653
				,1.43499e-006
				,2.62819e-009
				,1
				,0.276389
				,0.85065
				,0.447218
				,-0.425323
				,0.309013
				,0.850653
				,1.43499e-006
				,2.62819e-009
				,1
				,-0.723608
				,0.525727
				,0.447217
				,-0.425323
				,-0.309013
				,0.850653
				,1.43499e-006
				,2.62819e-009
				,1
				,-0.723608
				,-0.525727
				,0.447217
				,0.162457
				,-0.499996
				,0.850653
				,1.43499e-006
				,2.62819e-009
				,1
				,0.276389
				,-0.85065
				,0.447218
				,0.52573
				,2.65293e-009
				,0.850652
				,1.43499e-006
				,2.62819e-009
				,1
				,0.894426
				,0
				,0.447215
				,-0.723608
				,-0.525727
				,0.447217
				,-0.587786
				,-0.809016
				,-2.28153e-007
				,-0.276389
				,-0.85065
				,-0.447218
				,0.425323
				,0.309013
				,-0.850653
				,-1.42973e-006
				,0
				,-1
				,0.723608
				,-0.525727
				,-0.447217
			]
			,